drop_multiplier,perc_drop_threshold,waiting_days,perc_monthly_invest,mean_roi,perc_conservative_better,runtime
9,0.035,3,0.9,130.49001402484748,0.8431372549019608,142.9428110122681
9,0.035,4,0.9,130.4731259330377,0.8235294117647058,112.01089477539062
9,0.035,5,0.9,130.46874332435561,0.8235294117647058,93.75132203102112
9,0.03,5,0.9,130.46431496143825,0.8431372549019608,102.64230275154114
9,0.035,6,0.9,130.46012198131658,0.8235294117647058,81.54144668579102
9,0.04,3,0.9,130.45437851873857,0.8431372549019608,132.49779653549194
9,0.04,4,0.9,130.45392479601387,0.8431372549019608,104.65762281417848
9,0.035,7,0.9,130.45292922587768,0.8431372549019608,72.28959918022157
9,0.03,6,0.9,130.45218886588302,0.8627450980392157,89.2390820980072
9,0.03,7,0.9,130.45100313388906,0.8235294117647058,79.3040256500244
9,0.035,8,0.9,130.45044780600244,0.8431372549019608,65.371666431427
9,0.03,8,0.9,130.44544120903,0.8235294117647058,71.66037535667421
9,0.04,5,0.9,130.44329099535048,0.8235294117647058,86.57874965667725
9,0.045,5,0.9,130.44255775640949,0.8039215686274509,79.60496973991394
9,0.045,4,0.9,130.43863717106115,0.8039215686274509,95.17926383018494
9,0.04,8,0.9,130.43705125266558,0.7843137254901961,60.46183228492737
9,0.05,3,0.9,130.43065791532482,0.8039215686274509,113.2037432193756
9,0.04,6,0.9,130.4290644942053,0.8039215686274509,74.9988751411438
9,0.05,5,0.9,130.42866343673964,0.7843137254901961,73.48452472686769
9,0.05,4,0.9,130.42855486542948,0.8039215686274509,88.55827784538269
9,0.045,8,0.9,130.4277880653583,0.8039215686274509,55.33985352516174
9,0.04,7,0.9,130.4270575040902,0.8431372549019608,66.7534532546997
9,0.045,3,0.9,130.42594342865536,0.8431372549019608,121.36982083320619
9,0.05,7,0.9,130.41784585732466,0.7647058823529411,57.14132618904114
9,0.045,7,0.9,130.41287132392318,0.8039215686274509,61.48002243041992
9,0.045,6,0.9,130.40365142428104,0.8431372549019608,68.64398193359375
9,0.05,6,0.9,130.40075080599166,0.8235294117647058,63.99223780632019
9,0.035,3,0.8,130.39943824245034,0.8431372549019608,144.84098362922668
9,0.05,8,0.9,130.39380229873973,0.8431372549019608,51.55470848083496
9,0.035,4,0.8,130.36570422107266,0.8235294117647058,112.00774455070496
9,0.035,5,0.8,130.35693390487543,0.8235294117647058,93.71799516677856
9,0.03,5,0.8,130.34792864858505,0.8431372549019608,102.75023984909058
9,0.035,6,0.8,130.33968792116772,0.8235294117647058,81.1980457305908
9,0.04,3,0.8,130.32823016406098,0.8431372549019608,132.66100192070007
9,0.04,4,0.8,130.3273380706215,0.8431372549019608,103.5715832710266
9,0.035,7,0.8,130.32529260932222,0.8431372549019608,72.86664009094237
9,0.03,6,0.8,130.3236815927194,0.8627450980392157,89.19367980957031
9,0.03,7,0.8,130.3213067194173,0.8235294117647058,79.28806090354921
9,0.035,8,0.8,130.32035215219793,0.8431372549019608,65.32621002197266
9,0.03,8,0.8,130.3101975640393,0.8235294117647058,71.68900203704834
9,0.035,3,0.7,130.3092500233361,0.8431372549019608,143.50462245941162
9,0.04,5,0.8,130.30607171114713,0.8235294117647058,86.36748600006105
9,0.045,5,0.8,130.30463291299714,0.8039215686274509,79.53849482536316
9,0.045,4,0.8,130.2967862256883,0.8039215686274509,95.15062069892885
9,0.04,8,0.8,130.29359591483657,0.7843137254901961,60.44120669364929
9,0.05,3,0.8,130.28091456139612,0.8039215686274509,113.21759843826294
9,0.04,6,0.8,130.2775905998338,0.8039215686274509,75.05295324325563
9,0.05,5,0.8,130.27689921842392,0.7843137254901961,73.50726532936095
9,0.05,4,0.8,130.27667902239486,0.8039215686274509,88.36530947685242
9,0.045,8,0.8,130.27505595712532,0.8039215686274509,55.47652649879456
9,0.04,7,0.8,130.27358700053202,0.8431372549019608,66.70672774314879
9,0.045,3,0.8,130.271389998599,0.8431372549019608,121.24365949630736
9,0.035,4,0.7,130.25871389143586,0.8235294117647058,111.8676414489746
9,0.05,7,0.8,130.2552108694116,0.7647058823529411,57.063917636871345
9,0.035,5,0.7,130.2455507857,0.8235294117647058,93.77929258346558
9,0.045,7,0.8,130.2451873248439,0.8039215686274509,61.36240363121033
9,0.03,5,0.7,130.23181654928698,0.8431372549019608,102.79688572883606
9,0.045,6,0.8,130.22672963444248,0.8431372549019608,68.6666579246521
9,0.05,6,0.8,130.22099065961507,0.8235294117647058,63.862202644348145
9,0.035,6,0.7,130.21967708848481,0.8235294117647058,81.25023174285889
9,0.035,3,0.6,130.2194560666093,0.8431372549019608,143.5828967094421
9,0.05,8,0.8,130.20706163590194,0.8431372549019608,51.668116807937615
9,0.04,3,0.7,130.20253434591177,0.8431372549019608,132.65728640556335
9,0.04,4,0.7,130.20121984489748,0.8431372549019608,103.69110679626465
9,0.035,7,0.7,130.19806940237734,0.8431372549019608,72.13456058502197
9,0.03,6,0.7,130.1954540711672,0.8627450980392157,89.1697027683258
9,0.03,7,0.7,130.1918866121676,0.8235294117647058,79.3858199119568
9,0.035,8,0.7,130.1906929981771,0.8431372549019608,65.29342746734619
9,0.03,8,0.7,130.1752453835198,0.8235294117647058,71.70543241500854
9,0.04,5,0.7,130.16932234642687,0.8235294117647058,86.37012195587158
9,0.045,5,0.7,130.16720649424985,0.8039215686274509,79.46658968925477
9,0.045,4,0.7,130.15542800673552,0.8039215686274509,95.18234062194824
9,0.035,4,0.6,130.15216335801168,0.8235294117647058,111.91448879241943
9,0.04,8,0.7,130.15061494463336,0.7843137254901961,60.48890280723572
9,0.035,5,0.6,130.134602398454,0.8235294117647058,93.67673802375792
9,0.05,3,0.7,130.13175347139557,0.8039215686274509,113.0095944404602
9,0.04,6,0.7,130.12655848682564,0.8039215686274509,74.9740779399872
9,0.05,5,0.7,130.12569088556558,0.7843137254901961,73.5183925628662
9,0.05,4,0.7,130.12535566817948,0.8039215686274509,88.41182231903076
9,0.045,8,0.7,130.12278484886156,0.8039215686274509,55.425108909606934
9,0.04,7,0.7,130.12056897351914,0.8431372549019608,66.58601212501526
9,0.045,3,0.7,130.1173204459346,0.8431372549019608,121.32376933097841
9,0.03,5,0.6,130.11598342902676,0.8431372549019608,102.83933782577516
9,0.035,6,0.6,130.10009814601656,0.8235294117647058,81.12568902969359
9,0.05,7,0.7,130.09307822642515,0.7647058823529411,57.074504137039185
9,0.045,7,0.7,130.07792880781463,0.8039215686274509,61.3673243522644
9,0.04,3,0.6,130.07729986418337,0.8431372549019608,132.59876275062558
9,0.04,4,0.6,130.07557954635723,0.8431372549019608,103.51010727882385
9,0.035,7,0.6,130.07126825138113,0.8431372549019608,72.3083004951477
9,0.03,6,0.6,130.06751148212922,0.8627450980392157,88.91047883033752
9,0.03,7,0.6,130.06274795715808,0.8235294117647058,79.28493332862855
9,0.035,8,0.6,130.0614797179298,0.8431372549019608,65.37332010269165
9,0.045,6,0.7,130.0502150780323,0.8431372549019608,68.77659273147583
9,0.05,6,0.7,130.04170230646042,0.8235294117647058,64.01729917526245
9,0.03,8,0.6,130.04059028717873,0.8235294117647058,71.73225259780885
9,0.04,5,0.6,130.03305251210872,0.8235294117647058,86.5132257938385
9,0.045,5,0.6,130.0302889594001,0.8039215686274509,79.54524302482605
9,0.05,8,0.7,130.02076066146788,0.8431372549019608,51.578696012496955
9,0.045,4,0.6,130.01457278573312,0.8039215686274509,95.1586983203888
9,0.04,8,0.6,130.00811873583015,0.7843137254901961,60.39126992225647
9,0.05,3,0.6,129.98318771039163,0.8039215686274509,113.22383165359496
9,0.04,6,0.6,129.9759777392211,0.8039215686274509,75.03363227844237
9,0.05,5,0.6,129.9750515157953,0.7843137254901961,73.51440405845642
9,0.05,4,0.6,129.97459752435728,0.8039215686274509,88.52178597450256
9,0.045,8,0.6,129.970985360069,0.8039215686274509,55.36061215400696
9,0.04,7,0.6,129.9680133301614,0.8431372549019608,66.73601770401001
9,0.045,3,0.6,129.96374493328534,0.8431372549019608,121.46482157707214
9,0.05,7,0.6,129.93146065430102,0.7647058823529411,57.02478981018066
9,0.045,7,0.6,129.91110601631308,0.8039215686274509,61.39726829528809
9,0.045,6,0.6,129.8741176308222,0.8431372549019608,68.6338565349579
9,0.05,6,0.6,129.8628980155948,0.8235294117647058,63.90478372573853
9,0.05,8,0.6,129.83491155066247,0.8431372549019608,51.59337139129639
9,0.03,3,0.9,130.48581233395737,0.8431372549019608,156.0275688171387
8,0.035,3,0.9,130.48193329142143,0.8431372549019608,143.93794536590573
8,0.03,3,0.9,130.478261720447,0.8431372549019608,157.5753071308136
9,0.03,4,0.9,130.47330606937663,0.8627450980392157,122.4732027053833
7,0.035,3,0.9,130.47255496899143,0.8431372549019608,142.8346803188324
7,0.03,3,0.9,130.4695435066122,0.8627450980392157,156.44657158851626
8,0.03,4,0.9,130.46522855339262,0.8431372549019608,123.4436538219452
8,0.035,4,0.9,130.46365519699978,0.8235294117647058,112.54900550842285
6,0.035,3,0.9,130.46088633277859,0.8431372549019608,142.48313903808594
6,0.03,3,0.9,130.45877226354904,0.8627450980392157,156.33874845504758
8,0.035,5,0.9,130.45836893567363,0.7843137254901961,93.75843906402588
7,0.03,4,0.9,130.45545792005254,0.8431372549019608,122.80633664131165
8,0.03,5,0.9,130.45452948510746,0.8235294117647058,103.27142548561096
7,0.035,4,0.9,130.45235842609915,0.8235294117647058,111.96777820587158
8,0.035,6,0.9,130.4486441763085,0.8235294117647058,80.95306444168091
8,0.04,3,0.9,130.44794338078802,0.8431372549019608,131.58966422080994
8,0.04,4,0.9,130.44683050742933,0.8235294117647058,102.92513132095335
7,0.035,5,0.9,130.44650790879246,0.7843137254901961,93.9079248905182
5,0.035,3,0.9,130.44593789229003,0.8235294117647058,143.2496273517609
5,0.03,3,0.9,130.44497447223043,0.8235294117647058,156.734388589859
7,0.03,5,0.9,130.44354080926294,0.8235294117647058,102.57462215423584
6,0.03,4,0.9,130.4423655570989,0.8431372549019608,122.48024773597716
8,0.03,6,0.9,130.44099951675173,0.8235294117647058,89.61825299263
8,0.03,7,0.9,130.44098323030838,0.8235294117647058,79.51487517356874
7,0.04,3,0.9,130.44022897857587,0.8431372549019608,132.13527798652652
8,0.035,7,0.9,130.43947176588273,0.8235294117647058,71.78987121582031
6,0.035,4,0.9,130.43757754377637,0.8235294117647058,111.62528586387634
7,0.04,4,0.9,130.43733965645433,0.8235294117647058,103.11076974868773
7,0.035,6,0.9,130.4349338770914,0.8235294117647058,81.16277074813844
8,0.035,8,0.9,130.43476068618259,0.8235294117647058,64.88022255897522
8,0.04,5,0.9,130.43369390793248,0.8235294117647058,86.27514219284058
8,0.03,8,0.9,130.43276168735505,0.8235294117647058,71.81049156188966
8,0.045,5,0.9,130.43202473894138,0.8039215686274509,79.33922910690308
6,0.035,5,0.9,130.43038354234486,0.7843137254901961,93.50940012931824
6,0.04,3,0.9,130.4298986178277,0.8431372549019608,131.88521504402158
8,0.045,4,0.9,130.42983062767166,0.8039215686274509,94.96981596946716
7,0.03,7,0.9,130.4295310071903,0.8235294117647058,79.14420151710509
6,0.03,5,0.9,130.42853480181984,0.8235294117647058,102.3853886127472
7,0.03,6,0.9,130.42800786298886,0.8235294117647058,89.04874014854431
5,0.03,4,0.9,130.42537643270694,0.8431372549019608,121.9272289276123
7,0.035,7,0.9,130.42483002479372,0.8039215686274509,72.04907536506653
6,0.04,4,0.9,130.4235631781037,0.8235294117647058,103.087464094162
7,0.04,5,0.9,130.4222659608977,0.8039215686274509,86.52360773086548
8,0.05,3,0.9,130.4210978146267,0.8039215686274509,112.82767176628113
8,0.04,8,0.9,130.42108097564287,0.7647058823529411,60.35307765007019
7,0.045,5,0.9,130.41965434063707,0.8039215686274509,79.53761005401611
8,0.045,3,0.9,130.41909775073094,0.8431372549019608,120.96904349327087
5,0.035,4,0.9,130.4186766203294,0.7843137254901961,112.17121028900145
7,0.045,4,0.9,130.41859650342292,0.8039215686274509,95.22003793716429
7,0.03,8,0.9,130.41738276693226,0.8235294117647058,71.51166248321533
8,0.05,4,0.9,130.41705608421975,0.8235294117647058,88.21473526954651
8,0.04,6,0.9,130.41665773498042,0.8039215686274509,74.80121636390686
6,0.035,6,0.9,130.41643043266492,0.7843137254901961,80.84138059616089
5,0.04,3,0.9,130.41600383912234,0.8431372549019608,132.80011439323422
8,0.05,5,0.9,130.41586465661626,0.7843137254901961,73.3641631603241
7,0.035,8,0.9,130.41560314964102,0.8039215686274509,65.01713562011719
6,0.03,7,0.9,130.4145428208887,0.8039215686274509,79.04004216194153
8,0.04,7,0.9,130.41274796329424,0.8431372549019608,66.51150560379028
6,0.03,6,0.9,130.41111944398958,0.8235294117647058,88.71871709823608
8,0.045,8,0.9,130.41086623294038,0.8039215686274509,55.15316295623779
7,0.045,3,0.9,130.41036444699074,0.8431372549019608,121.39777827262878
7,0.05,3,0.9,130.40965816903014,0.8235294117647058,113.71161150932312
5,0.03,5,0.9,130.40878135547936,0.8039215686274509,101.938467502594
5,0.035,5,0.9,130.40867043413044,0.7843137254901961,94.33220672607422
6,0.04,5,0.9,130.40683459066375,0.7647058823529411,86.43579745292664
6,0.035,7,0.9,130.40578243400824,0.8039215686274509,71.97725534439088
5,0.04,4,0.9,130.40471672855648,0.7647058823529411,103.67099523544313
7,0.05,4,0.9,130.40325265045198,0.7843137254901961,88.41847705841064
6,0.045,4,0.9,130.40296918359041,0.8039215686274509,95.13479852676392
6,0.045,5,0.9,130.402081773317,0.7843137254901961,79.53550171852113
7,0.04,6,0.9,130.4020663116425,0.8039215686274509,75.09834980964659
7,0.05,5,0.9,130.40135006582943,0.7843137254901961,73.57562732696533
7,0.04,8,0.9,130.4011848921599,0.7647058823529411,60.477017402648926
6,0.045,3,0.9,130.39908350551465,0.8431372549019608,121.28075075149536
8,0.05,7,0.9,130.39889236063124,0.7647058823529411,56.99353981018066
6,0.03,8,0.9,130.39707816521135,0.8039215686274509,71.39346361160278
7,0.04,7,0.9,130.39671767057294,0.7843137254901961,66.82509016990662
8,0.045,7,0.9,130.39653670926302,0.8039215686274509,61.19433069229126
6,0.05,3,0.9,130.3954308094438,0.8235294117647058,113.20481991767885
5,0.03,7,0.9,130.39379541016632,0.7843137254901961,79.12669849395752
5,0.035,6,0.9,130.3912832270237,0.7843137254901961,81.41091871261597
7,0.045,8,0.9,130.3911804422561,0.7843137254901961,55.606597661972046
9,0.03,3,0.8,130.39094908317344,0.8431372549019608,156.0494201183319
6,0.035,8,0.9,130.39077625774678,0.7843137254901961,64.96616125106812
5,0.03,6,0.9,130.3886143018567,0.8235294117647058,89.10015439987183
8,0.045,6,0.9,130.3884281754785,0.8431372549019608,68.45939922332764
5,0.04,5,0.9,130.38566646865266,0.7843137254901961,87.14213323593141
6,0.05,4,0.9,130.3847560664226,0.7843137254901961,88.57835006713867
5,0.045,3,0.9,130.38380704594914,0.8431372549019608,122.02463698387146
8,0.035,3,0.8,130.3832828671665,0.8431372549019608,144.00736427307132
6,0.04,6,0.9,130.38314730177223,0.7647058823529411,75.18805170059206
8,0.05,6,0.9,130.3829014501976,0.8235294117647058,63.70335006713867
6,0.05,5,0.9,130.38182938039282,0.7647058823529411,73.56664752960205
5,0.045,4,0.9,130.38175839956094,0.7843137254901961,95.67532205581664
5,0.035,7,0.9,130.38072584355442,0.7647058823529411,72.18343472480773
7,0.045,7,0.9,130.3784052662606,0.8039215686274509,61.39497709274292
7,0.05,7,0.9,130.3782034724461,0.7450980392156863,57.41992592811585
5,0.045,5,0.9,130.37795615643913,0.7843137254901961,79.86251139640808
5,0.05,3,0.9,130.37685705400736,0.8039215686274509,113.5534417629242
6,0.04,7,0.9,130.3766043702057,0.7647058823529411,66.83544611930847
8,0.03,3,0.8,130.37584843086583,0.8431372549019608,157.47255587577817
6,0.04,8,0.9,130.37529445979106,0.7647058823529411,60.58249831199646
5,0.03,8,0.9,130.37211080816124,0.7843137254901961,71.62810659408571
7,0.045,6,0.9,130.37081879225906,0.8431372549019608,68.67376685142517
8,0.05,8,0.9,130.37026187371058,0.8235294117647058,51.41473650932312
9,0.03,4,0.8,130.36593051697128,0.8627450980392157,122.47611904144287
6,0.045,8,0.9,130.3650459651975,0.7843137254901961,55.46813917160034
7,0.035,3,0.8,130.36453315774727,0.8431372549019608,143.1508643627167
7,0.05,6,0.9,130.36214619040754,0.7843137254901961,64.0326189994812
5,0.05,4,0.9,130.36058512387365,0.7843137254901961,88.90678715705872
5,0.035,8,0.9,130.36029239860312,0.7647058823529411,65.23360824584961
7,0.03,3,0.8,130.35841255922261,0.8627450980392157,156.45486569404605
5,0.04,6,0.9,130.35777510020537,0.7843137254901961,75.24791550636293
5,0.05,5,0.9,130.35574267335448,0.7254901960784313,73.83965539932252
6,0.045,7,0.9,130.3555953986338,0.8039215686274509,61.3466854095459
6,0.05,7,0.9,130.35261348207348,0.7254901960784313,57.127768278121955
5,0.04,7,0.9,130.35044963955173,0.7647058823529411,67.14624333381653
8,0.03,4,0.8,130.34977524175838,0.8431372549019608,123.52977275848387
6,0.045,6,0.9,130.34855394921215,0.8039215686274509,68.68242120742798
8,0.035,4,0.8,130.34676648874458,0.8235294117647058,112.75457286834715
5,0.04,8,0.9,130.34337387458885,0.7647058823529411,60.74265170097351
7,0.05,8,0.9,130.3431399250576,0.8235294117647058,51.902708530426025
6,0.035,3,0.8,130.34120299822482,0.8431372549019608,142.4371440410614
6,0.03,3,0.8,130.33686970234726,0.8627450980392157,157.33143854141238
6,0.05,6,0.9,130.33622593024364,0.8039215686274509,63.9860212802887
8,0.035,5,0.8,130.33618890044957,0.7843137254901961,93.79017877578735
5,0.045,8,0.9,130.33111059197358,0.7843137254901961,55.623926877975464
7,0.03,4,0.8,130.3302324918591,0.8431372549019608,122.80514097213744
8,0.03,5,0.8,130.32835409346328,0.8235294117647058,103.28321313858031
5,0.045,7,0.9,130.32610806116523,0.7843137254901961,61.712836265563965
7,0.035,4,0.8,130.32417563223572,0.8235294117647058,112.0663902759552
5,0.05,7,0.9,130.31958472632806,0.7450980392156863,57.422436475753784
5,0.045,6,0.9,130.31939399022082,0.8039215686274509,69.1002335548401
8,0.035,6,0.8,130.3167338893255,0.8235294117647058,81.20301580429076
8,0.04,3,0.8,130.315370037591,0.8431372549019608,131.56886100769043
8,0.04,4,0.8,130.31315964927836,0.8235294117647058,102.74399614334106
7,0.035,5,0.8,130.31247046204894,0.7843137254901961,93.82277584075928
5,0.035,3,0.8,130.31131210491978,0.8235294117647058,143.20733666419986
6,0.05,8,0.9,130.30929157069104,0.8039215686274509,51.63865065574646
5,0.03,3,0.8,130.30927129697642,0.8235294117647058,156.69447398185733
7,0.03,5,0.8,130.30637213898308,0.8235294117647058,102.56518220901488
6,0.03,4,0.8,130.3040429785213,0.8431372549019608,122.44937229156494
5,0.05,6,0.9,130.30336544353278,0.8039215686274509,64.15613412857057
8,0.03,6,0.8,130.30129807732843,0.8235294117647058,89.47002601623535
8,0.03,7,0.8,130.30126379526192,0.8235294117647058,79.55450224876405
7,0.04,3,0.8,130.2999521556653,0.8431372549019608,132.10115146636966
8,0.035,7,0.8,130.29837387877473,0.8235294117647058,71.83772277832031
9,0.03,3,0.7,130.29638571008869,0.8431372549019608,156.22420239448547
6,0.035,4,0.8,130.29461320934004,0.8235294117647058,111.54862904548644
7,0.04,4,0.8,130.29418686744137,0.8235294117647058,103.30802750587463
7,0.035,6,0.8,130.28931305304522,0.8235294117647058,81.11244702339171
8,0.035,8,0.8,130.2889697373138,0.8235294117647058,64.90462183952333
8,0.04,5,0.8,130.28688540626345,0.8235294117647058,86.18845105171205
8,0.035,3,0.7,130.28502644444657,0.8431372549019608,143.9243292808533
8,0.03,8,0.8,130.28483085770037,0.8235294117647058,71.86912870407104
8,0.045,5,0.8,130.28357740621058,0.8039215686274509,79.3024196624756
6,0.035,5,0.8,130.28022025960078,0.7843137254901961,93.62734651565552
6,0.04,3,0.8,130.27930178705574,0.8431372549019608,131.9897677898407
8,0.045,4,0.8,130.2791869009547,0.8039215686274509,94.82510304450987
7,0.03,7,0.8,130.2783549960785,0.8235294117647058,79.05393695831299
6,0.03,5,0.8,130.27635000512012,0.8235294117647058,102.4999668598175
7,0.03,6,0.8,130.27530780605522,0.8235294117647058,88.95405507087708
8,0.03,3,0.7,130.2737357822241,0.8431372549019608,157.5349082946777
5,0.03,4,0.8,130.27005417691393,0.8431372549019608,121.83416247367859
5,0.05,8,0.9,130.26978463535107,0.7647058823529411,51.8579216003418
7,0.035,7,0.8,130.2690856472399,0.8039215686274509,72.0653097629547
6,0.04,4,0.8,130.26663854854613,0.8235294117647058,103.16684889793396
7,0.04,5,0.8,130.2640367689245,0.8039215686274509,86.55787682533264
8,0.05,3,0.8,130.26181247604617,0.8039215686274509,112.78045868873596
8,0.04,8,0.8,130.26165091770486,0.7647058823529411,60.251948595047
9,0.03,4,0.7,130.25884892886728,0.8627450980392157,122.45997858047484
7,0.045,5,0.8,130.25884758162644,0.8039215686274509,79.594153881073
8,0.045,3,0.8,130.25771820980327,0.8431372549019608,121.0642511844635
7,0.035,3,0.7,130.25691270797887,0.8431372549019608,142.96247506141663
5,0.035,4,0.8,130.25680492016923,0.7843137254901961,112.24253678321838
7,0.045,4,0.8,130.25673184478194,0.8039215686274509,95.24032258987428
7,0.03,8,0.8,130.2540605085198,0.8235294117647058,71.522869348526
8,0.05,4,0.8,130.2536904894036,0.8235294117647058,88.2350926399231
8,0.04,6,0.8,130.2527778833064,0.8039215686274509,74.8005087375641
6,0.035,6,0.8,130.2522980905002,0.7843137254901961,80.95740127563477
5,0.04,3,0.8,130.2515205297693,0.8431372549019608,132.813716173172
8,0.05,5,0.8,130.25131314433625,0.7843137254901961,73.31924891471863
7,0.035,8,0.8,130.25063966287857,0.8039215686274509,65.03748035430908
6,0.03,7,0.8,130.24836908385478,0.8039215686274509,78.81831097602843
7,0.03,3,0.7,130.2475830438836,0.8627450980392157,156.5072598457336
8,0.04,7,0.8,130.24496590320823,0.8431372549019608,66.42226147651671
6,0.03,6,0.8,130.2415175540119,0.8235294117647058,88.8163743019104
8,0.045,8,0.8,130.241210357036,0.8039215686274509,55.2979691028595
7,0.045,3,0.8,130.24027124210014,0.8431372549019608,121.46950078010559
7,0.05,3,0.8,130.23895363615787,0.8235294117647058,113.58869433403015
5,0.03,5,0.8,130.23682420852666,0.8039215686274509,101.96655797958374
5,0.035,5,0.8,130.2367837612828,0.7843137254901961,93.92058205604552
8,0.03,4,0.7,130.23461586393864,0.8431372549019608,123.75037145614624
6,0.04,5,0.8,130.23317651831215,0.7647058823529411,86.60344982147217
6,0.035,7,0.8,130.23097806987326,0.8039215686274509,71.83354091644287
8,0.035,4,0.7,130.23031329672,0.8235294117647058,112.55915665626526
5,0.04,4,0.8,130.22894349809658,0.7647058823529411,103.78952693939208
7,0.05,4,0.8,130.22609439409584,0.7843137254901961,88.38910031318666
6,0.045,4,0.8,130.2254869136754,0.8039215686274509,95.28777837753296
6,0.045,5,0.8,130.22370718938248,0.7843137254901961,79.60503721237183
7,0.04,6,0.8,130.22359402903146,0.8039215686274509,75.00751519203186
7,0.05,5,0.8,130.22230121971913,0.7843137254901961,73.55712270736693
6,0.035,3,0.7,130.22192867051407,0.8431372549019608,142.4973509311676
7,0.04,8,0.8,130.22184665265854,0.7647058823529411,60.450228691101074
6,0.045,3,0.8,130.2177295368588,0.8431372549019608,121.46833038330078
8,0.05,7,0.8,130.21729653835584,0.7647058823529411,56.9365828037262
6,0.03,3,0.7,130.2152685000783,0.8627450980392157,157.47323584556582
8,0.035,5,0.7,130.2144393638485,0.7843137254901961,93.85456800460815
6,0.03,8,0.8,130.21342711877432,0.8039215686274509,71.32221293449402
7,0.04,7,0.8,130.21290173109463,0.7843137254901961,66.82584476470947
8,0.045,7,0.8,130.21251480262057,0.8039215686274509,61.20320916175842
6,0.05,3,0.8,130.21052210979673,0.8235294117647058,113.17698740959169
5,0.03,7,0.8,130.20685323035858,0.7843137254901961,79.25624203681944
7,0.03,4,0.7,130.20529977583337,0.8431372549019608,122.78785562515259
8,0.03,5,0.7,130.20244951723558,0.8235294117647058,103.2326934337616
9,0.03,3,0.6,130.20212695175368,0.8431372549019608,155.9826285839081
5,0.035,6,0.8,130.20198136616725,0.7843137254901961,81.45507240295409
7,0.045,8,0.8,130.20183447112223,0.7843137254901961,55.670729160308845
6,0.035,8,0.8,130.20095641677608,0.7843137254901961,64.90063548088075
5,0.03,6,0.8,130.19648032405084,0.8235294117647058,89.09656262397766
7,0.035,4,0.7,130.19643150598372,0.8235294117647058,112.11881780624391
8,0.045,6,0.8,130.19628149074668,0.8431372549019608,68.43290066719054
5,0.04,5,0.8,130.19083317316426,0.7843137254901961,87.01285815238953
6,0.05,4,0.8,130.18911056340363,0.7843137254901961,88.30813670158386
5,0.045,3,0.8,130.18719617699657,0.8431372549019608,122.18553924560548
8,0.035,3,0.6,130.18717108046792,0.8431372549019608,143.8010861873627
6,0.04,6,0.8,130.18574802972415,0.7647058823529411,75.15307450294496
8,0.05,6,0.8,130.18528338768795,0.8235294117647058,63.749245882034295
8,0.035,6,0.7,130.18524888605742,0.8235294117647058,81.23429393768309
6,0.05,5,0.8,130.1832777549122,0.7647058823529411,73.39858722686769
8,0.04,3,0.7,130.1832598807951,0.8431372549019608,131.81833362579346
5,0.045,4,0.8,130.18306938969522,0.7843137254901961,95.88103413581848
5,0.035,7,0.8,130.18083800057778,0.7647058823529411,72.44588589668273
8,0.04,4,0.7,130.17996804496875,0.8235294117647058,102.93587875366212
7,0.035,5,0.7,130.17886765127724,0.7843137254901961,93.78636527061462
5,0.035,3,0.7,130.1771020018945,0.8235294117647058,143.08218121528625
7,0.045,7,0.8,130.17624820279457,0.8039215686274509,61.40531802177429
7,0.05,7,0.8,130.17591606696732,0.7450980392156863,57.44932198524475
5,0.045,5,0.8,130.17545116622486,0.7843137254901961,79.98789238929749
5,0.03,3,0.7,130.1738670468075,0.8235294117647058,156.5813031196594
5,0.05,3,0.8,130.17340105033793,0.8039215686274509,113.69905781745909
6,0.04,7,0.8,130.17266409548537,0.7647058823529411,66.7932825088501
8,0.03,3,0.6,130.1719287059475,0.8431372549019608,157.4495997428894
6,0.04,8,0.8,130.17004099968472,0.7647058823529411,60.35100746154785
7,0.03,5,0.7,130.1694699450114,0.8235294117647058,102.70972180366516
6,0.03,4,0.7,130.16600864958158,0.8431372549019608,122.53628516197205
5,0.03,8,0.8,130.16345243113568,0.7843137254901961,71.56638216972352
8,0.03,6,0.7,130.16187183294426,0.8235294117647058,89.56982445716858
8,0.03,7,0.7,130.16181783299737,0.8235294117647058,79.57558846473694
7,0.045,6,0.8,130.16105953173548,0.8431372549019608,68.71281504631042
7,0.04,3,0.7,130.16015005067035,0.8431372549019608,132.36077046394348
8,0.05,8,0.8,130.1599516097336,0.8235294117647058,51.555161952972405
8,0.035,7,0.7,130.15768603677265,0.8235294117647058,71.91149044036865
6,0.035,4,0.7,130.15208744538072,0.8235294117647058,111.73313593864441
9,0.03,4,0.6,130.15206616942504,0.8627450980392157,122.330730676651
7,0.04,4,0.7,130.15152297132522,0.8235294117647058,103.31291031837463
7,0.035,3,0.6,130.14970111555016,0.8431372549019608,143.15578198432922
6,0.045,8,0.8,130.1495490601905,0.7843137254901961,55.48017907142639
7,0.035,6,0.7,130.14411786394155,0.8235294117647058,81.3046851158142
7,0.05,6,0.8,130.14376245823289,0.7843137254901961,63.89907145500183
8,0.035,8,0.7,130.14360757141355,0.8235294117647058,64.8198938369751
5,0.05,4,0.8,130.14077720643698,0.7843137254901961,88.88651084899902
8,0.04,5,0.7,130.14055531612695,0.8235294117647058,86.21251893043518
5,0.035,8,0.8,130.13993899317208,0.7647058823529411,65.28662657737732
8,0.03,8,0.7,130.13718412746812,0.8235294117647058,71.82508039474487
7,0.03,3,0.6,130.13706013457443,0.8627450980392157,156.36636734008792
8,0.045,5,0.7,130.1356398819895,0.8039215686274509,79.37722229957579
5,0.04,6,0.8,130.13498111477384,0.7843137254901961,75.5252685546875
5,0.05,5,0.8,130.1311211344997,0.7254901960784313,73.80919432640077
6,0.045,7,0.8,130.13061791691715,0.8039215686274509,61.41855335235596
6,0.035,5,0.7,130.1304907681034,0.7843137254901961,93.42784595489502
6,0.04,3,0.7,130.12919078359414,0.8431372549019608,131.78181409835815
8,0.045,4,0.7,130.12905051293725,0.8039215686274509,94.92657232284546
7,0.03,7,0.7,130.1274484681856,0.8235294117647058,79.21045565605165
6,0.05,7,0.8,130.12473108660262,0.7254901960784313,57.31426739692688
6,0.03,5,0.7,130.12442188570026,0.8235294117647058,102.3138391971588
7,0.03,6,0.7,130.12287630700078,0.8235294117647058,89.01422071456909
5,0.04,7,0.8,130.12032878219148,0.7647058823529411,67.1817364692688
8,0.03,4,0.6,130.1197555037075,0.8431372549019608,123.49218320846558
6,0.045,6,0.8,130.1165189966517,0.8039215686274509,68.70300555229187
5,0.03,4,0.7,130.11501003321501,0.8431372549019608,122.69228959083557
8,0.035,4,0.6,130.11430444309642,0.8235294117647058,112.82235646247864
7,0.035,7,0.7,130.1137471267281,0.8039215686274509,71.99231576919557
6,0.04,4,0.7,130.11020831847193,0.8235294117647058,103.03112483024596
7,0.04,5,0.7,130.10629400600158,0.8039215686274509,86.43447804450989
5,0.04,8,0.8,130.10615438250437,0.7647058823529411,60.8453962802887
7,0.05,8,0.8,130.10567146044687,0.8235294117647058,51.93449687957764
8,0.05,3,0.7,130.1031285042354,0.8039215686274509,112.60712337493895
6,0.035,3,0.6,130.1030713960663,0.8431372549019608,142.4032154083252
8,0.04,8,0.7,130.10269148756123,0.7647058823529411,60.35499668121338
7,0.045,5,0.7,130.0985626674909,0.8039215686274509,79.50790190696715
8,0.045,3,0.7,130.0968429970925,0.8431372549019608,121.00781679153442
7,0.045,4,0.7,130.09538876073708,0.8039215686274509,95.16919708251952
5,0.035,4,0.7,130.0953660472197,0.7843137254901961,112.23661017417908
6,0.03,3,0.6,130.09397413814426,0.8627450980392157,157.364431142807
8,0.035,5,0.6,130.09312919785444,0.7843137254901961,94.12445402145386
6,0.05,6,0.8,130.09190417557298,0.8039215686274509,63.88957738876343
7,0.03,8,0.7,130.09101021031728,0.8235294117647058,71.47316145896913
8,0.05,4,0.7,130.09088731615014,0.8235294117647058,88.15574502944945
8,0.04,6,0.7,130.0893412648728,0.8039215686274509,74.91102147102356
6,0.035,6,0.7,130.08858401161342,0.7843137254901961,81.05964016914369
5,0.04,3,0.7,130.08753232322343,0.8431372549019608,132.69194960594177
8,0.05,5,0.7,130.08733001318254,0.7843137254901961,73.29289674758911
7,0.035,8,0.7,130.0860905020833,0.8039215686274509,65.06333613395691
6,0.03,7,0.7,130.08245574647393,0.8039215686274509,78.78195333480834
5,0.045,8,0.8,130.08163913313157,0.7843137254901961,55.75527882575989
7,0.03,4,0.6,130.0806651258323,0.8431372549019608,122.69894599914551
8,0.04,7,0.7,130.0776349791733,0.8431372549019608,66.48637080192566
8,0.03,5,0.6,130.07682073302374,0.8235294117647058,103.16380572319031
6,0.03,6,0.7,130.0721712026705,0.8235294117647058,88.89768624305725
8,0.045,8,0.7,130.07201443488046,0.8039215686274509,55.225219011306756
5,0.045,7,0.8,130.07161588864454,0.7843137254901961,61.62737011909485
7,0.045,3,0.7,130.0707030716627,0.8431372549019608,121.37710618972778
7,0.035,4,0.6,130.0691353525085,0.8235294117647058,112.09602999687195
7,0.05,3,0.7,130.06887218213515,0.8235294117647058,113.61946845054626
5,0.035,5,0.7,130.0653213853227,0.7843137254901961,93.76406836509705
5,0.03,5,0.7,130.0651052412095,0.8039215686274509,101.90447807312012
6,0.04,5,0.7,130.06000828852248,0.7647058823529411,86.31870794296266
5,0.05,7,0.8,130.05865606180876,0.7450980392156863,57.404064893722534
5,0.045,6,0.8,130.05817152373152,0.8039215686274509,69.05486440658571
6,0.035,7,0.7,130.05656785161037,0.8039215686274509,71.80852150917053
8,0.035,6,0.6,130.05419832450968,0.8235294117647058,81.15634346008302
5,0.04,4,0.7,130.05366360596906,0.7647058823529411,103.70891904830931
8,0.04,3,0.6,130.05162222763738,0.8431372549019608,131.60823917388916
7,0.05,4,0.7,130.0495105124632,0.7843137254901961,88.41127562522888
6,0.045,4,0.7,130.0485372192615,0.8039215686274509,95.06525683403015
8,0.04,4,0.6,130.04726574109128,0.8235294117647058,102.94064712524414
6,0.045,5,0.7,130.04586048363035,0.7843137254901961,79.55010628700256
7,0.035,5,0.6,130.04570888889126,0.7843137254901961,93.76476621627808
7,0.04,6,0.7,130.04556478563632,0.8039215686274509,75.15262174606323
7,0.05,5,0.7,130.04383937894514,0.7843137254901961,73.44330668449402
5,0.035,3,0.6,130.04331634355157,0.8235294117647058,143.15099334716797
7,0.04,8,0.7,130.0429677763693,0.7647058823529411,60.57583475112915
5,0.03,3,0.6,130.03876760537696,0.8235294117647058,156.6061909198761
6,0.05,8,0.8,130.03792057991586,0.8039215686274509,51.542739629745476
6,0.045,3,0.7,130.0369221241132,0.8431372549019608,121.42440056800842
8,0.05,7,0.7,130.03619651420294,0.7647058823529411,56.93047308921814
7,0.03,5,0.6,130.03283947659605,0.8235294117647058,102.5512125492096
6,0.03,8,0.7,130.03002428447928,0.8039215686274509,71.4591510295868
7,0.04,7,0.7,130.0295341836947,0.7843137254901961,66.80198264122009
8,0.045,7,0.7,130.02891595917893,0.8039215686274509,61.10832762718201
6,0.03,4,0.6,130.02826826024608,0.8431372549019608,122.5483467578888
6,0.05,3,0.7,130.02626133297855,0.8235294117647058,113.17308354377748
5,0.05,6,0.8,130.02615242493823,0.8039215686274509,64.16423392295836
8,0.03,6,0.6,130.02272623405378,0.8235294117647058,89.53620266914369
8,0.03,7,0.6,130.02265078055242,0.8235294117647058,79.48602318763733
7,0.04,3,0.6,130.02083261078582,0.8431372549019608,131.9893453121185
5,0.03,7,0.7,130.02015100215078,0.7843137254901961,79.14076447486876
8,0.035,7,0.6,130.0174173490937,0.8235294117647058,71.78575944900513
5,0.035,6,0.7,130.01307632464494,0.7843137254901961,81.35374975204469
7,0.045,8,0.7,130.01294528987052,0.7843137254901961,55.37806367874146
6,0.035,8,0.7,130.01152207370106,0.7843137254901961,64.75770878791809
6,0.035,4,0.6,130.0100101391692,0.8235294117647058,111.66507482528688
7,0.04,4,0.6,130.00935875953348,0.8235294117647058,103.29786467552185
5,0.03,6,0.7,130.00457540794585,0.8235294117647058,89.04860854148865
8,0.045,6,0.7,130.00454122758288,0.8431372549019608,68.60435962677002
7,0.035,6,0.6,129.99935807856977,0.8235294117647058,81.20100140571593
8,0.035,8,0.6,129.99868403894794,0.8235294117647058,64.80897855758667
5,0.04,5,0.7,129.99648377672816,0.7843137254901961,86.96804523468019
8,0.04,5,0.6,129.9947138924532,0.8235294117647058,86.23874187469481
6,0.05,4,0.7,129.99405031005085,0.7843137254901961,88.54416251182556
5,0.045,3,0.7,129.99115318366958,0.8431372549019608,122.02705025672913
8,0.03,8,0.6,129.98982742478935,0.8235294117647058,71.89454746246338
6,0.04,6,0.7,129.98878482427574,0.7647058823529411,75.12390017509459
8,0.045,5,0.6,129.98822351278523,0.8039215686274509,79.2785074710846
8,0.05,6,0.7,129.98812934074786,0.8235294117647058,63.804198265075684
6,0.05,5,0.7,129.98533286645892,0.7647058823529411,73.52412343025208
5,0.045,4,0.7,129.98491866901836,0.7843137254901961,95.76289987564087
5,0.035,7,0.7,129.98131827739266,0.7647058823529411,72.26583886146545
6,0.035,5,0.6,129.98120512820825,0.7843137254901961,93.4686348438263
6,0.04,3,0.6,129.97957633801158,0.8431372549019608,131.7223000526428
8,0.045,4,0.6,129.97943261574335,0.8039215686274509,94.91199660301208
7,0.03,7,0.6,129.97681723638752,0.8235294117647058,79.03175997734071
7,0.045,7,0.7,129.974511623004,0.8039215686274509,61.36409449577332
7,0.05,7,0.7,129.97412289148946,0.7450980392156863,57.46928024291992
5,0.045,5,0.7,129.97347090659068,0.7843137254901961,80.10499143600464
6,0.03,5,0.6,129.9727560245294,0.8235294117647058,102.34438419342041
7,0.03,6,0.6,129.9707191545289,0.8235294117647058,89.02972769737244
5,0.05,3,0.7,129.97062167015326,0.8039215686274509,113.6698067188263
6,0.04,7,0.7,129.96916221333814,0.7647058823529411,66.7993950843811
6,0.04,8,0.7,129.96522312698684,0.7647058823529411,60.609992265701294
5,0.03,4,0.6,129.96025012216134,0.8431372549019608,122.85967111587523
5,0.05,8,0.8,129.958829255179,0.7647058823529411,51.8221390247345
7,0.035,7,0.6,129.95882415516684,0.8039215686274509,72.00335240364075
5,0.03,8,0.7,129.95500285145826,0.7843137254901961,71.57036185264587
6,0.04,4,0.6,129.95428418128247,0.8235294117647058,103.09870457649231
7,0.045,6,0.7,129.95170456251168,0.8431372549019608,68.70674228668213
8,0.05,8,0.7,129.95005239836422,0.8235294117647058,51.451083183288574
7,0.04,5,0.6,129.94904871555994,0.8039215686274509,86.32053565979004
8,0.05,3,0.6,129.94505998670127,0.8039215686274509,112.93441724777222
8,0.04,8,0.6,129.9442138094148,0.7647058823529411,60.29212379455566
7,0.045,5,0.6,129.93881205040336,0.8039215686274509,79.5366563796997
8,0.045,3,0.6,129.93648318963602,0.8431372549019608,120.90453767776488
7,0.045,4,0.6,129.93457948640506,0.8039215686274509,95.26063299179077
6,0.045,8,0.7,129.93449392305988,0.7843137254901961,55.398353099823
5,0.035,4,0.6,129.93437061498602,0.7843137254901961,112.0155074596405
8,0.05,4,0.6,129.92866022400239,0.8235294117647058,88.2124617099762
7,0.03,8,0.6,129.92823818330297,0.8235294117647058,71.4399974346161
8,0.04,6,0.6,129.92635813789542,0.8039215686274509,74.80089855194092
7,0.05,6,0.7,129.9258333637493,0.7843137254901961,63.93126702308655
6,0.035,6,0.6,129.9252986945333,0.7843137254901961,80.97261762619019
5,0.04,3,0.6,129.92405096166829,0.8431372549019608,132.56435561180115
8,0.05,5,0.6,129.92392938882594,0.7843137254901961,73.3750581741333
7,0.035,8,0.6,129.92196608472614,0.8039215686274509,65.13271641731261
5,0.05,4,0.7,129.92156518000408,0.7843137254901961,88.8562502861023
5,0.035,8,0.7,129.91992217054587,0.7647058823529411,65.44420075416565
6,0.03,7,0.6,129.9168090942302,0.8039215686274509,78.92695546150208
5,0.04,6,0.7,129.91260195440867,0.7843137254901961,75.43583464622499
8,0.04,7,0.6,129.91076579910742,0.8431372549019608,66.63585138320923
5,0.05,5,0.7,129.907125687674,0.7254901960784313,73.9747588634491
6,0.045,7,0.7,129.90605182334576,0.8039215686274509,61.4405632019043
8,0.045,8,0.6,129.9032900108869,0.8039215686274509,55.14364147186279
6,0.03,6,0.6,129.9030865886765,0.8235294117647058,88.8200991153717
7,0.045,3,0.6,129.90167211824252,0.8431372549019608,121.48065042495728
7,0.05,3,0.6,129.89942920332842,0.8235294117647058,113.63617014884949
6,0.05,7,0.7,129.89733949537026,0.7254901960784313,57.097601652145386
5,0.035,5,0.6,129.89429418519867,0.7843137254901961,93.87273836135864
5,0.03,5,0.6,129.8936304570727,0.8039215686274509,101.98123121261595
5,0.04,7,0.7,129.8906217786364,0.7647058823529411,67.20528435707092
6,0.04,5,0.6,129.88734190410392,0.7647058823529411,86.53935217857361
6,0.045,6,0.7,129.88487881921796,0.8039215686274509,68.66249251365662
6,0.035,7,0.6,129.8825621835894,0.8039215686274509,71.94305181503294
5,0.04,4,0.6,129.87888988043125,0.7647058823529411,103.69158124923706
7,0.05,4,0.6,129.8735158938955,0.7843137254901961,88.71482419967651
6,0.045,4,0.6,129.8721336803879,0.8039215686274509,95.20656251907349
5,0.04,8,0.7,129.86932633066294,0.7647058823529411,60.7190113067627
7,0.05,8,0.7,129.86857850871993,0.8235294117647058,51.936506032943726
6,0.045,5,0.6,129.86855545370608,0.7843137254901961,79.60719585418701
7,0.04,6,0.6,129.8679896848562,0.8039215686274509,75.1037621498108
7,0.05,5,0.6,129.86598009070056,0.7843137254901961,73.42060399055481
7,0.04,8,0.6,129.86456025569169,0.7647058823529411,60.47381591796875
6,0.045,3,0.6,129.85667484587069,0.8431372549019608,121.52916049957277
8,0.05,7,0.6,129.8556058396443,0.7647058823529411,56.92894649505615
6,0.05,6,0.7,129.84802064795022,0.8039215686274509,63.827671766281135
6,0.03,8,0.6,129.8468764296937,0.8039215686274509,71.21624183654784
7,0.04,7,0.6,129.84662651212201,0.7843137254901961,66.73885273933409
8,0.045,7,0.6,129.84575133180158,0.8039215686274509,61.25303387641907
6,0.05,3,0.6,129.84266559371758,0.8235294117647058,113.15248513221741
5,0.03,7,0.6,129.8336956181587,0.7843137254901961,79.17191362380981
5,0.045,8,0.7,129.83257212969542,0.7843137254901961,55.713374614715576
5,0.035,6,0.6,129.82457950799508,0.7843137254901961,81.57547569274901
7,0.045,8,0.6,129.82452563243348,0.7843137254901961,55.401416301727295
6,0.035,8,0.6,129.82248430949744,0.7843137254901961,64.88736248016357
5,0.045,7,0.7,129.81750964166105,0.7843137254901961,61.859503984451294
8,0.045,6,0.6,129.81321812924878,0.8431372549019608,68.45365524291992
5,0.03,6,0.6,129.81290624136432,0.8235294117647058,88.79599475860596
5,0.04,5,0.6,129.80263148832285,0.7843137254901961,87.07957434654236
6,0.05,4,0.6,129.79959179958107,0.7843137254901961,88.42701935768127
5,0.05,7,0.7,129.79820292493747,0.7450980392156863,57.472607851028435
5,0.045,6,0.7,129.7973179747362,0.8039215686274509,69.05495905876161
5,0.045,3,0.6,129.7956934787795,0.8431372549019608,121.92059683799744
6,0.04,6,0.6,129.79226983787606,0.7647058823529411,75.26492977142334
8,0.05,6,0.6,129.7914523953316,0.8235294117647058,63.75274324417114
6,0.05,5,0.6,129.78801216550565,0.7647058823529411,73.49674940109253
5,0.045,4,0.6,129.7873215611434,0.7843137254901961,95.76074337959291
5,0.035,7,0.6,129.78217797927607,0.7647058823529411,72.35288286209106
7,0.045,7,0.6,129.77320786223393,0.8039215686274509,61.35315370559693
7,0.05,7,0.6,129.77283867376042,0.7450980392156863,57.24972367286682
5,0.045,5,0.6,129.77203089327426,0.7843137254901961,79.97549748420715
5,0.05,3,0.6,129.76853837623779,0.8039215686274509,113.61689877510072
6,0.05,8,0.7,129.7668718669095,0.8039215686274509,51.655041933059685
6,0.04,7,0.6,129.76611128665675,0.7647058823529411,66.83713459968567
6,0.04,8,0.6,129.7608538928495,0.7647058823529411,60.530837774276726
5,0.05,6,0.7,129.74934873057666,0.8039215686274509,64.17857837677002
5,0.03,8,0.6,129.7467694209093,0.7843137254901961,71.54281902313231
7,0.045,6,0.6,129.74276573493088,0.8431372549019608,68.57229065895079
8,0.05,8,0.6,129.7405769848966,0.8235294117647058,51.443915843963616
6,0.045,8,0.6,129.7198947903789,0.7843137254901961,55.44296503067017
7,0.05,6,0.6,129.7083730723412,0.7843137254901961,63.944085121154785
5,0.05,4,0.6,129.70296775103802,0.7843137254901961,88.8105821609497
5,0.035,8,0.6,129.70025384270718,0.7647058823529411,65.28656220436096
5,0.04,6,0.6,129.69065110079222,0.7843137254901961,75.3388364315033
5,0.05,5,0.6,129.68377646258662,0.7254901960784313,73.82610845565794
6,0.045,7,0.6,129.68191097554404,0.8039215686274509,61.2815523147583
6,0.05,7,0.6,129.67045508217845,0.7254901960784313,57.19199848175049
5,0.04,7,0.6,129.66134256621777,0.7647058823529411,67.00690269470215
6,0.045,6,0.6,129.6536466613769,0.8039215686274509,68.76492261886597
5,0.05,8,0.7,129.6481200810783,0.7647058823529411,51.90794825553894
5,0.04,8,0.6,129.63290413594456,0.7647058823529411,60.751003742218025
7,0.05,8,0.6,129.6318745683815,0.8235294117647058,51.8748676776886
6,0.05,6,0.6,129.60459093175402,0.8039215686274509,63.96495795249939
5,0.045,8,0.6,129.58392578597915,0.7843137254901961,55.70818495750427
5,0.045,7,0.6,129.56380516627232,0.7843137254901961,61.70089483261109
5,0.05,7,0.6,129.5382440378149,0.7450980392156863,57.39515399932861
5,0.045,6,0.6,129.53684837262676,0.8039215686274509,69.12453341484071
6,0.05,8,0.6,129.49615992540208,0.8039215686274509,51.620681047439575
5,0.05,6,0.6,129.47297192112532,0.8039215686274509,64.31724023818971
5,0.05,8,0.6,129.3376730803248,0.7647058823529411,51.961052894592285
